Мова,length,alphabet,H0,H1,H_bigram,Hmax,redundancy
Українська,100000,33,4.4949715700712005,4.487198000570045,8.982169570641245,5.044394119358453,0.10891745099352557
Англійська,100000,26,4.1286962910915745,4.124382743095748,8.253079034187323,4.700439718141092,0.12163615774986003
Китайська,100000,384,8.258457623089951,7.279346444775561,15.537804067865512,8.584962500721156,0.038032184485812026
